Ticker,Name,Sector,Industry,Market Cap
HCP,N/A,N/A,N/A,N/A
NBIS,N/A,N/A,N/A,N/A
SNDK,N/A,N/A,N/A,N/A
SNRE,N/A,N/A,N/A,N/A
LION,N/A,N/A,N/A,N/A
FUSN,N/A,N/A,N/A,N/A
MTTR,N/A,N/A,N/A,N/A
AAPG,N/A,N/A,N/A,N/A
INFN,N/A,N/A,N/A,N/A
USAR,N/A,N/A,N/A,N/A
AMBR,N/A,N/A,N/A,N/A
CBLL,N/A,N/A,N/A,N/A
SVA,N/A,N/A,N/A,N/A
SION,N/A,N/A,N/A,N/A
CATC,N/A,N/A,N/A,N/A
BPYPM,N/A,N/A,N/A,N/A
CCIX,N/A,N/A,N/A,N/A
TWLVU,N/A,N/A,N/A,N/A
ALFUU,N/A,N/A,N/A,N/A
ALF,N/A,N/A,N/A,N/A
MBAV,N/A,N/A,N/A,N/A
BACQ,N/A,N/A,N/A,N/A
VACHU,N/A,N/A,N/A,N/A
VACH,N/A,N/A,N/A,N/A
CUB,N/A,N/A,N/A,N/A
SIMAU,N/A,N/A,N/A,N/A
SIMA,N/A,N/A,N/A,N/A
CCIXU,N/A,N/A,N/A,N/A
VTRU,N/A,N/A,N/A,N/A
HVII,N/A,N/A,N/A,N/A
VCICU,N/A,N/A,N/A,N/A
POLE,N/A,N/A,N/A,N/A
VCIC,N/A,N/A,N/A,N/A
MBAVU,N/A,N/A,N/A,N/A
LPAAU,N/A,N/A,N/A,N/A
LPAA,N/A,N/A,N/A,N/A
DMAA,N/A,N/A,N/A,N/A
HOND,N/A,N/A,N/A,N/A
LPBB,N/A,N/A,N/A,N/A
OACC,N/A,N/A,N/A,N/A
MLAC,N/A,N/A,N/A,N/A
DRDB,N/A,N/A,N/A,N/A
BACQU,N/A,N/A,N/A,N/A
QDROU,N/A,N/A,N/A,N/A
FACT,N/A,N/A,N/A,N/A
MLACU,N/A,N/A,N/A,N/A
NTWO,N/A,N/A,N/A,N/A
POLEU,N/A,N/A,N/A,N/A
ATIIU,N/A,N/A,N/A,N/A
DMAAU,N/A,N/A,N/A,N/A
CUBWU,N/A,N/A,N/A,N/A
LOKVU,N/A,N/A,N/A,N/A
PHLT,N/A,N/A,N/A,N/A
AACBU,N/A,N/A,N/A,N/A
MACI,N/A,N/A,N/A,N/A
GWACU,N/A,N/A,N/A,N/A
NHICU,N/A,N/A,N/A,N/A
OACCU,N/A,N/A,N/A,N/A
HVIIU,N/A,N/A,N/A,N/A
FACTU,N/A,N/A,N/A,N/A
NTWOU,N/A,N/A,N/A,N/A
PLMKU,N/A,N/A,N/A,N/A
WLAC,N/A,N/A,N/A,N/A
MAYA,N/A,N/A,N/A,N/A
MACIU,N/A,N/A,N/A,N/A
RANG,N/A,N/A,N/A,N/A
SVCCU,N/A,N/A,N/A,N/A
RFAI,N/A,N/A,N/A,N/A
TAVI,N/A,N/A,N/A,N/A
MIMI,N/A,N/A,N/A,N/A
BPOPM,N/A,N/A,N/A,N/A
WLACU,N/A,N/A,N/A,N/A
RFAIU,N/A,N/A,N/A,N/A
SCTL,N/A,N/A,N/A,N/A
RANGU,N/A,N/A,N/A,N/A
TAVIU,N/A,N/A,N/A,N/A
TWLV,N/A,N/A,N/A,N/A
AVHIU,N/A,N/A,N/A,N/A
CURR,N/A,N/A,N/A,N/A
PCSC,N/A,N/A,N/A,N/A
CHAR,N/A,N/A,N/A,N/A
AIFE,N/A,N/A,N/A,N/A
CHARU,N/A,N/A,N/A,N/A
CAMP,N/A,N/A,N/A,N/A
HOVNP,N/A,N/A,N/A,N/A
MAYAU,N/A,N/A,N/A,N/A
AIFEU,N/A,N/A,N/A,N/A
QDRO,N/A,N/A,N/A,N/A
GOODO,N/A,N/A,N/A,N/A
ZENA,N/A,N/A,N/A,N/A
YHNA,N/A,N/A,N/A,N/A
CAPN,N/A,N/A,N/A,N/A
COLA,N/A,N/A,N/A,N/A
RDACU,N/A,N/A,N/A,N/A
RDAC,N/A,N/A,N/A,N/A
RIBB,N/A,N/A,N/A,N/A
CAPNU,N/A,N/A,N/A,N/A
RIBBU,N/A,N/A,N/A,N/A
OMIC,N/A,N/A,N/A,N/A
DGXX,N/A,N/A,N/A,N/A
,N/A,N/A,N/A,N/A
NCAC,N/A,N/A,N/A,N/A
MDCX,N/A,N/A,N/A,N/A
ELPW,N/A,N/A,N/A,N/A
AVHI,N/A,N/A,N/A,N/A
TNMG,N/A,N/A,N/A,N/A
EMKR,N/A,N/A,N/A,N/A
ONEG,N/A,N/A,N/A,N/A
BANFP,N/A,N/A,N/A,N/A
OSRH,N/A,N/A,N/A,N/A
RMSG,N/A,N/A,N/A,N/A
GIPRU,N/A,N/A,N/A,N/A
PITA,N/A,N/A,N/A,N/A
SKYQ,N/A,N/A,N/A,N/A
MSPR,N/A,N/A,N/A,N/A
HKPD,N/A,N/A,N/A,N/A
CLVSQ,N/A,N/A,N/A,N/A
HLTH,N/A,N/A,N/A,N/A
MKDW,N/A,N/A,N/A,N/A
XYLO,N/A,N/A,N/A,N/A
DMTK,N/A,N/A,N/A,N/A
TFFP,N/A,N/A,N/A,N/A
BHFAL,N/A,N/A,N/A,N/A
JSM,N/A,N/A,N/A,N/A
RILYM,N/A,N/A,N/A,N/A
SPWRV,N/A,N/A,N/A,N/A
MAXNV,N/A,N/A,N/A,N/A
SPEL,N/A,N/A,N/A,N/A
MVNR,N/A,N/A,N/A,N/A
BREZR,N/A,N/A,N/A,N/A
HROWL,N/A,N/A,N/A,N/A
RILYK,N/A,N/A,N/A,N/A
SNCRL,N/A,N/A,N/A,N/A
METCL,N/A,N/A,N/A,N/A
RILYZ,N/A,N/A,N/A,N/A
GREEL,N/A,N/A,N/A,N/A
ARBKL,N/A,N/A,N/A,N/A
FOSLL,N/A,N/A,N/A,N/A
ATLCL,N/A,N/A,N/A,N/A
RILYG,N/A,N/A,N/A,N/A
HROWM,N/A,N/A,N/A,N/A
DISTR,N/A,N/A,N/A,N/A
TBMCR,N/A,N/A,N/A,N/A
OAKUR,N/A,N/A,N/A,N/A
ESHAR,N/A,N/A,N/A,N/A
SWKHL,N/A,N/A,N/A,N/A
IBLUU,N/A,N/A,N/A,N/A
ATLCZ,N/A,N/A,N/A,N/A
NEWTG,N/A,N/A,N/A,N/A
RFAIR,N/A,N/A,N/A,N/A
CAPNR,N/A,N/A,N/A,N/A
YHNAR,N/A,N/A,N/A,N/A
CHARR,N/A,N/A,N/A,N/A
BACQR,N/A,N/A,N/A,N/A
RDACR,N/A,N/A,N/A,N/A
TAVIR,N/A,N/A,N/A,N/A
RANGR,N/A,N/A,N/A,N/A
PLMK,N/A,N/A,N/A,N/A
MLACR,N/A,N/A,N/A,N/A
HVIIR,N/A,N/A,N/A,N/A
CMPOV,N/A,N/A,N/A,N/A
DMAAR,N/A,N/A,N/A,N/A
EHLDV,N/A,N/A,N/A,N/A
MAYAR,N/A,N/A,N/A,N/A
RIBBR,N/A,N/A,N/A,N/A
AIFER,N/A,N/A,N/A,N/A
COLAR,N/A,N/A,N/A,N/A
QSEAU,N/A,N/A,N/A,N/A
EHLD,N/A,N/A,N/A,N/A
BRK.B,N/A,N/A,N/A,N/A
BRK.A,N/A,N/A,N/A,N/A
ET PR I,N/A,N/A,N/A,N/A
PBR.A,N/A,N/A,N/A,N/A
VG,N/A,N/A,N/A,N/A
HEI.A,N/A,N/A,N/A,N/A
RBRK,N/A,N/A,N/A,N/A
BF.B,N/A,N/A,N/A,N/A
UHAL.B,N/A,N/A,N/A,N/A
LTM,N/A,N/A,N/A,N/A
BA PR A,N/A,N/A,N/A,N/A
BF.A,N/A,N/A,N/A,N/A
ATH PR A,N/A,N/A,N/A,N/A
MOG.A,N/A,N/A,N/A,N/A
WFC PR L,N/A,N/A,N/A,N/A
PWSC,N/A,N/A,N/A,N/A
ESMT,N/A,N/A,N/A,N/A
BAC PR L,N/A,N/A,N/A,N/A
LEN.B,N/A,N/A,N/A,N/A
GRP.U,N/A,N/A,N/A,N/A
WSO.B,N/A,N/A,N/A,N/A
C PR N,N/A,N/A,N/A,N/A
SIX,N/A,N/A,N/A,N/A
KKR PR D,N/A,N/A,N/A,N/A
TTAM,N/A,N/A,N/A,N/A
CIG.C,N/A,N/A,N/A,N/A
FLOC,N/A,N/A,N/A,N/A
CWEN.A,N/A,N/A,N/A,N/A
ELPC,N/A,N/A,N/A,N/A
APO PR A,N/A,N/A,N/A,N/A
EBR.B,N/A,N/A,N/A,N/A
NEE PR S,N/A,N/A,N/A,N/A
JPM PR C,N/A,N/A,N/A,N/A
MSDL,N/A,N/A,N/A,N/A
AKO.B,N/A,N/A,N/A,N/A
ALB PR A,N/A,N/A,N/A,N/A
MNR,N/A,N/A,N/A,N/A
JPM PR D,N/A,N/A,N/A,N/A
NEE PR R,N/A,N/A,N/A,N/A
JPM PR L,N/A,N/A,N/A,N/A
JPM PR M,N/A,N/A,N/A,N/A
HPE PR C,N/A,N/A,N/A,N/A
BTX,N/A,N/A,N/A,N/A
ARES PR B,N/A,N/A,N/A,N/A
WFC PR Z,N/A,N/A,N/A,N/A
T PR C,N/A,N/A,N/A,N/A
BAC PR B,N/A,N/A,N/A,N/A
BIO.B,N/A,N/A,N/A,N/A
LGF.B,N/A,N/A,N/A,N/A
AKO.A,N/A,N/A,N/A,N/A
MKC.V,N/A,N/A,N/A,N/A
BAC PR M,N/A,N/A,N/A,N/A
GEF.B,N/A,N/A,N/A,N/A
GS PR D,N/A,N/A,N/A,N/A
PCG PR X,N/A,N/A,N/A,N/A
JPM PR K,N/A,N/A,N/A,N/A
KBDC,N/A,N/A,N/A,N/A
COF PR I,N/A,N/A,N/A,N/A
BAC PR N,N/A,N/A,N/A,N/A
USB PR A,N/A,N/A,N/A,N/A
PDX,N/A,N/A,N/A,N/A
MS PR Q,N/A,N/A,N/A,N/A
MS PR P,N/A,N/A,N/A,N/A
MS PR A,N/A,N/A,N/A,N/A
ALL PR H,N/A,N/A,N/A,N/A
T PR A,N/A,N/A,N/A,N/A
MS PR I,N/A,N/A,N/A,N/A
DUK PR A,N/A,N/A,N/A,N/A
MS PR K,N/A,N/A,N/A,N/A
MS PR O,N/A,N/A,N/A,N/A
BAC PR Q,N/A,N/A,N/A,N/A
COF PR J,N/A,N/A,N/A,N/A
SYF PR A,N/A,N/A,N/A,N/A
WFC PR A,N/A,N/A,N/A,N/A
WFC PR D,N/A,N/A,N/A,N/A
USB PR H,N/A,N/A,N/A,N/A
NCDL,N/A,N/A,N/A,N/A
MS PR E,N/A,N/A,N/A,N/A
MS PR F,N/A,N/A,N/A,N/A
BAC PR K,N/A,N/A,N/A,N/A
MET PR F,N/A,N/A,N/A,N/A
BAC PR O,N/A,N/A,N/A,N/A
MOG.B,N/A,N/A,N/A,N/A
MTB PR J,N/A,N/A,N/A,N/A
LGF.A,N/A,N/A,N/A,N/A
MET PR E,N/A,N/A,N/A,N/A
SCHW PR D,N/A,N/A,N/A,N/A
JPM PR J,N/A,N/A,N/A,N/A
WFC PR C,N/A,N/A,N/A,N/A
TFC PR R,N/A,N/A,N/A,N/A
NLY PR F,N/A,N/A,N/A,N/A
GS PR A,N/A,N/A,N/A,N/A
EGLE,N/A,N/A,N/A,N/A
EQH PR A,N/A,N/A,N/A,N/A
RNR PR F,N/A,N/A,N/A,N/A
WFC PR Y,N/A,N/A,N/A,N/A
BAC PR P,N/A,N/A,N/A,N/A
ALL PR J,N/A,N/A,N/A,N/A
ATH PR C,N/A,N/A,N/A,N/A
KEY PR L,N/A,N/A,N/A,N/A
MET PR A,N/A,N/A,N/A,N/A
LDP,N/A,N/A,N/A,N/A
AACT.U,N/A,N/A,N/A,N/A
JXN PR A,N/A,N/A,N/A,N/A
BAC PR S,N/A,N/A,N/A,N/A
NEE PR N,N/A,N/A,N/A,N/A
USB PR P,N/A,N/A,N/A,N/A
WCC PR A,N/A,N/A,N/A,N/A
LNC PR D,N/A,N/A,N/A,N/A
SCE PR M,N/A,N/A,N/A,N/A
AUNA,N/A,N/A,N/A,N/A
ALL PR B,N/A,N/A,N/A,N/A
USB PR R,N/A,N/A,N/A,N/A
ATH PR E,N/A,N/A,N/A,N/A
TFC PR O,N/A,N/A,N/A,N/A
BANC PR F,N/A,N/A,N/A,N/A
RF PR F,N/A,N/A,N/A,N/A
SYF PR B,N/A,N/A,N/A,N/A
KEY PR I,N/A,N/A,N/A,N/A
TDS PR V,N/A,N/A,N/A,N/A
RF PR C,N/A,N/A,N/A,N/A
PSBD,N/A,N/A,N/A,N/A
STT PR G,N/A,N/A,N/A,N/A
FLG PR A,N/A,N/A,N/A,N/A
AXS PR E,N/A,N/A,N/A,N/A
COF PR L,N/A,N/A,N/A,N/A
SCHW PR J,N/A,N/A,N/A,N/A
NLY PR I,N/A,N/A,N/A,N/A
NLOP,N/A,N/A,N/A,N/A
GOL,N/A,N/A,N/A,N/A
EQV.U,N/A,N/A,N/A,N/A
AAM.U,N/A,N/A,N/A,N/A
RITM PR D,N/A,N/A,N/A,N/A
EQV,N/A,N/A,N/A,N/A
PSA PR L,N/A,N/A,N/A,N/A
NLY PR G,N/A,N/A,N/A,N/A
CFG PR H,N/A,N/A,N/A,N/A
ATH PR D,N/A,N/A,N/A,N/A
DXYZ,N/A,N/A,N/A,N/A
MS PR L,N/A,N/A,N/A,N/A
PSA PR P,N/A,N/A,N/A,N/A
ANG PR A,N/A,N/A,N/A,N/A
GTLS PR B,N/A,N/A,N/A,N/A
KEY PR K,N/A,N/A,N/A,N/A
RITM PR C,N/A,N/A,N/A,N/A
KEY PR J,N/A,N/A,N/A,N/A
CFG PR E,N/A,N/A,N/A,N/A
BML PR L,N/A,N/A,N/A,N/A
SNV PR E,N/A,N/A,N/A,N/A
USB PR S,N/A,N/A,N/A,N/A
SAN PR B,N/A,N/A,N/A,N/A
HIG PR G,N/A,N/A,N/A,N/A
TDS PR U,N/A,N/A,N/A,N/A
SCE PR L,N/A,N/A,N/A,N/A
CTEV,N/A,N/A,N/A,N/A
CRD.A,N/A,N/A,N/A,N/A
RNR PR G,N/A,N/A,N/A,N/A
USB PR Q,N/A,N/A,N/A,N/A
RLJ PR A,N/A,N/A,N/A,N/A
HYAC.U,N/A,N/A,N/A,N/A
SCE PR N,N/A,N/A,N/A,N/A
DBRG PR I,N/A,N/A,N/A,N/A
CIM PR B,N/A,N/A,N/A,N/A
ANG PR D,N/A,N/A,N/A,N/A
SCE PR J,N/A,N/A,N/A,N/A
ANG PR B,N/A,N/A,N/A,N/A
NGL PR B,N/A,N/A,N/A,N/A
JACS,N/A,N/A,N/A,N/A
VOYA PR B,N/A,N/A,N/A,N/A
PSA PR R,N/A,N/A,N/A,N/A
DLR PR L,N/A,N/A,N/A,N/A
RF PR E,N/A,N/A,N/A,N/A
UMH PR D,N/A,N/A,N/A,N/A
BAC PR E,N/A,N/A,N/A,N/A
RITM PR B,N/A,N/A,N/A,N/A
COF PR N,N/A,N/A,N/A,N/A
DBRG PR J,N/A,N/A,N/A,N/A
SCE PR K,N/A,N/A,N/A,N/A
ATH PR B,N/A,N/A,N/A,N/A
MFA PR C,N/A,N/A,N/A,N/A
BML PR H,N/A,N/A,N/A,N/A
WAL PR A,N/A,N/A,N/A,N/A
PSA PR H,N/A,N/A,N/A,N/A
KREF PR A,N/A,N/A,N/A,N/A
PSA PR G,N/A,N/A,N/A,N/A
PSA PR I,N/A,N/A,N/A,N/A
TWO PR B,N/A,N/A,N/A,N/A
TVE,N/A,N/A,N/A,N/A
ABR PR F,N/A,N/A,N/A,N/A
MTB PR H,N/A,N/A,N/A,N/A
ALL PR I,N/A,N/A,N/A,N/A
SR PR A,N/A,N/A,N/A,N/A
PSA PR F,N/A,N/A,N/A,N/A
TWO PR C,N/A,N/A,N/A,N/A
CIM PR C,N/A,N/A,N/A,N/A
RAC.U,N/A,N/A,N/A,N/A
JACS.U,N/A,N/A,N/A,N/A
HPP PR C,N/A,N/A,N/A,N/A
AGM.A,N/A,N/A,N/A,N/A
KIM PR M,N/A,N/A,N/A,N/A
ATCO PR H,N/A,N/A,N/A,N/A
CLBR,N/A,N/A,N/A,N/A
VNO PR M,N/A,N/A,N/A,N/A
FBRT PR E,N/A,N/A,N/A,N/A
SF PR C,N/A,N/A,N/A,N/A
SF PR D,N/A,N/A,N/A,N/A
VNO PR L,N/A,N/A,N/A,N/A
EP PR C,N/A,N/A,N/A,N/A
EQH PR C,N/A,N/A,N/A,N/A
BH.A,N/A,N/A,N/A,N/A
SLG PR I,N/A,N/A,N/A,N/A
VNO PR N,N/A,N/A,N/A,N/A
SBXD.U,N/A,N/A,N/A,N/A
DDT,N/A,N/A,N/A,N/A
DBRG PR H,N/A,N/A,N/A,N/A
PSA PR J,N/A,N/A,N/A,N/A
OAK PR B,N/A,N/A,N/A,N/A
CRD.B,N/A,N/A,N/A,N/A
AHL PR E,N/A,N/A,N/A,N/A
CLBR.U,N/A,N/A,N/A,N/A
SPNT PR B,N/A,N/A,N/A,N/A
SNV PR D,N/A,N/A,N/A,N/A
AHL PR D,N/A,N/A,N/A,N/A
DLR PR K,N/A,N/A,N/A,N/A
PMT PR C,N/A,N/A,N/A,N/A
NSA PR A,N/A,N/A,N/A,N/A
CIM PR D,N/A,N/A,N/A,N/A
BML PR J,N/A,N/A,N/A,N/A
PMT PR B,N/A,N/A,N/A,N/A
ENO,N/A,N/A,N/A,N/A
GS PR C,N/A,N/A,N/A,N/A
GAM PR B,N/A,N/A,N/A,N/A
KIM PR L,N/A,N/A,N/A,N/A
PSA PR N,N/A,N/A,N/A,N/A
VNO PR O,N/A,N/A,N/A,N/A
PSA PR K,N/A,N/A,N/A,N/A
GNL PR D,N/A,N/A,N/A,N/A
TEN PR F,N/A,N/A,N/A,N/A
IVR PR C,N/A,N/A,N/A,N/A
WRB PR G,N/A,N/A,N/A,N/A
MFA PR B,N/A,N/A,N/A,N/A
PSA PR S,N/A,N/A,N/A,N/A
PEB PR G,N/A,N/A,N/A,N/A
SEAL PR B,N/A,N/A,N/A,N/A
DLR PR J,N/A,N/A,N/A,N/A
PEB PR H,N/A,N/A,N/A,N/A
BOH PR B,N/A,N/A,N/A,N/A
AUB PR A,N/A,N/A,N/A,N/A
ASB PR E,N/A,N/A,N/A,N/A
TRTN PR C,N/A,N/A,N/A,N/A
ABR PR D,N/A,N/A,N/A,N/A
CMS PR C,N/A,N/A,N/A,N/A
TAP.A,N/A,N/A,N/A,N/A
ASB PR F,N/A,N/A,N/A,N/A
OAK PR A,N/A,N/A,N/A,N/A
PSA PR M,N/A,N/A,N/A,N/A
SF PR B,N/A,N/A,N/A,N/A
SCE PR G,N/A,N/A,N/A,N/A
RITM PR A,N/A,N/A,N/A,N/A
TFC PR I,N/A,N/A,N/A,N/A
BEP PR A,N/A,N/A,N/A,N/A
SPLP PR A,N/A,N/A,N/A,N/A
GNL PR A,N/A,N/A,N/A,N/A
AHH PR A,N/A,N/A,N/A,N/A
ARGO PR A,N/A,N/A,N/A,N/A
FHN PR E,N/A,N/A,N/A,N/A
ARR PR C,N/A,N/A,N/A,N/A
CADE PR A,N/A,N/A,N/A,N/A
TRTX PR C,N/A,N/A,N/A,N/A
TRTN PR F,N/A,N/A,N/A,N/A
TRTN PR B,N/A,N/A,N/A,N/A
BIP PR A,N/A,N/A,N/A,N/A
RPT,N/A,N/A,N/A,N/A
GPMT PR A,N/A,N/A,N/A,N/A
BIP PR B,N/A,N/A,N/A,N/A
TRTN PR D,N/A,N/A,N/A,N/A
PDCC,N/A,N/A,N/A,N/A
TRTN PR E,N/A,N/A,N/A,N/A
GLOP PR A,N/A,N/A,N/A,N/A
BHG,N/A,N/A,N/A,N/A
INN PR E,N/A,N/A,N/A,N/A
FRT PR C,N/A,N/A,N/A,N/A
WBS PR G,N/A,N/A,N/A,N/A
ATCO PR D,N/A,N/A,N/A,N/A
SEAL PR A,N/A,N/A,N/A,N/A
ADC PR A,N/A,N/A,N/A,N/A
CIM PR A,N/A,N/A,N/A,N/A
EPR PR C,N/A,N/A,N/A,N/A
EPR PR G,N/A,N/A,N/A,N/A
ARGD,N/A,N/A,N/A,N/A
TWO PR A,N/A,N/A,N/A,N/A
TEN PR E,N/A,N/A,N/A,N/A
CTA PR B,N/A,N/A,N/A,N/A
ACR PR C,N/A,N/A,N/A,N/A
DRH PR A,N/A,N/A,N/A,N/A
NSA PR B,N/A,N/A,N/A,N/A
WBS PR F,N/A,N/A,N/A,N/A
OPA,N/A,N/A,N/A,N/A
BOH PR A,N/A,N/A,N/A,N/A
EFC PR A,N/A,N/A,N/A,N/A
GSL PR B,N/A,N/A,N/A,N/A
GDV PR K,N/A,N/A,N/A,N/A
CMRE PR E,N/A,N/A,N/A,N/A
DX PR C,N/A,N/A,N/A,N/A
PMT PR A,N/A,N/A,N/A,N/A
MITT PR C,N/A,N/A,N/A,N/A
AMH PR H,N/A,N/A,N/A,N/A
PSA PR O,N/A,N/A,N/A,N/A
PEB PR F,N/A,N/A,N/A,N/A
KIM PR N,N/A,N/A,N/A,N/A
EFC PR B,N/A,N/A,N/A,N/A
FHN PR F,N/A,N/A,N/A,N/A
CFR PR B,N/A,N/A,N/A,N/A
AMH PR G,N/A,N/A,N/A,N/A
CMRE PR C,N/A,N/A,N/A,N/A
CODI PR C,N/A,N/A,N/A,N/A
CMRE PR D,N/A,N/A,N/A,N/A
GNL PR E,N/A,N/A,N/A,N/A
EPR PR E,N/A,N/A,N/A,N/A
CTO PR A,N/A,N/A,N/A,N/A
AGM PR F,N/A,N/A,N/A,N/A
CLDT PR A,N/A,N/A,N/A,N/A
ACR PR D,N/A,N/A,N/A,N/A
ABR PR E,N/A,N/A,N/A,N/A
GNL PR B,N/A,N/A,N/A,N/A
EFC PR C,N/A,N/A,N/A,N/A
SHO PR H,N/A,N/A,N/A,N/A
AGM PR G,N/A,N/A,N/A,N/A
HFRO PR A,N/A,N/A,N/A,N/A
PSA PR Q,N/A,N/A,N/A,N/A
RIV PR A,N/A,N/A,N/A,N/A
NCZ PR A,N/A,N/A,N/A,N/A
LXP PR C,N/A,N/A,N/A,N/A
BFS PR E,N/A,N/A,N/A,N/A
COF PR K,N/A,N/A,N/A,N/A
AGM PR D,N/A,N/A,N/A,N/A
UCB PR I,N/A,N/A,N/A,N/A
CODI PR B,N/A,N/A,N/A,N/A
CODI PR A,N/A,N/A,N/A,N/A
GLOP PR B,N/A,N/A,N/A,N/A
GAB PR H,N/A,N/A,N/A,N/A
NCV PR A,N/A,N/A,N/A,N/A
TRTN PR A,N/A,N/A,N/A,N/A
CUBI PR F,N/A,N/A,N/A,N/A
BML PR G,N/A,N/A,N/A,N/A
PSEC PR A,N/A,N/A,N/A,N/A
CIO PR A,N/A,N/A,N/A,N/A
ECC PR D,N/A,N/A,N/A,N/A
ANRO,N/A,N/A,N/A,N/A
PEB PR E,N/A,N/A,N/A,N/A
GAB PR K,N/A,N/A,N/A,N/A
MITT PR B,N/A,N/A,N/A,N/A
SB PR D,N/A,N/A,N/A,N/A
RJF PR B,N/A,N/A,N/A,N/A
ICR PR A,N/A,N/A,N/A,N/A
SHO PR I,N/A,N/A,N/A,N/A
GMRE PR A,N/A,N/A,N/A,N/A
BW PR A,N/A,N/A,N/A,N/A
GLP PR B,N/A,N/A,N/A,N/A
GLOP PR C,N/A,N/A,N/A,N/A
RC PR E,N/A,N/A,N/A,N/A
INN PR F,N/A,N/A,N/A,N/A
REXR PR C,N/A,N/A,N/A,N/A
DLNG PR A,N/A,N/A,N/A,N/A
FHN PR B,N/A,N/A,N/A,N/A
AGM PR E,N/A,N/A,N/A,N/A
REXR PR B,N/A,N/A,N/A,N/A
GTN.A,N/A,N/A,N/A,N/A
DSX PR B,N/A,N/A,N/A,N/A
CDR PR C,N/A,N/A,N/A,N/A
RWT PR A,N/A,N/A,N/A,N/A
HFRO PR B,N/A,N/A,N/A,N/A
SRG PR A,N/A,N/A,N/A,N/A
CHMI PR A,N/A,N/A,N/A,N/A
CUBI PR E,N/A,N/A,N/A,N/A
DLNG PR B,N/A,N/A,N/A,N/A
MAA PR I,N/A,N/A,N/A,N/A
SPE PR C,N/A,N/A,N/A,N/A
LFT PR A,N/A,N/A,N/A,N/A
CCIA,N/A,N/A,N/A,N/A
GAB PR G,N/A,N/A,N/A,N/A
CMRE PR B,N/A,N/A,N/A,N/A
EDI,N/A,N/A,N/A,N/A
FHN PR C,N/A,N/A,N/A,N/A
RPT PR C,N/A,N/A,N/A,N/A
GUT PR C,N/A,N/A,N/A,N/A
NXDT PR A,N/A,N/A,N/A,N/A
OPP PR B,N/A,N/A,N/A,N/A
MDV PR A,N/A,N/A,N/A,N/A
GDV PR H,N/A,N/A,N/A,N/A
SPG PR J,N/A,N/A,N/A,N/A
NREF PR A,N/A,N/A,N/A,N/A
GRBK PR A,N/A,N/A,N/A,N/A
CHMI PR B,N/A,N/A,N/A,N/A
BHR PR B,N/A,N/A,N/A,N/A
NGL PR C,N/A,N/A,N/A,N/A
KTN,N/A,N/A,N/A,N/A
OPP PR A,N/A,N/A,N/A,N/A
CTA PR A,N/A,N/A,N/A,N/A
GGT PR E,N/A,N/A,N/A,N/A
PRIF PR I,N/A,N/A,N/A,N/A
MITT PR A,N/A,N/A,N/A,N/A
PRIF PR J,N/A,N/A,N/A,N/A
PRIF PR K,N/A,N/A,N/A,N/A
ACP PR A,N/A,N/A,N/A,N/A
EIIA,N/A,N/A,N/A,N/A
GDL PR C,N/A,N/A,N/A,N/A
TY PR,N/A,N/A,N/A,N/A
ETI PR,N/A,N/A,N/A,N/A
BHR PR D,N/A,N/A,N/A,N/A
PYT,N/A,N/A,N/A,N/A
GGT PR G,N/A,N/A,N/A,N/A
ALTG PR A,N/A,N/A,N/A,N/A
PRIF PR F,N/A,N/A,N/A,N/A
PRIF PR H,N/A,N/A,N/A,N/A
CMS PR B,N/A,N/A,N/A,N/A
XFLT PR A,N/A,N/A,N/A,N/A
PDPA,N/A,N/A,N/A,N/A
KTH,N/A,N/A,N/A,N/A
HVT.A,N/A,N/A,N/A,N/A
PRIF PR D,N/A,N/A,N/A,N/A
JBK,N/A,N/A,N/A,N/A
PRIF PR L,N/A,N/A,N/A,N/A
CDR PR B,N/A,N/A,N/A,N/A
IIPR PR A,N/A,N/A,N/A,N/A
GNT PR A,N/A,N/A,N/A,N/A
AHT PR G,N/A,N/A,N/A,N/A
AHT PR D,N/A,N/A,N/A,N/A
SB PR C,N/A,N/A,N/A,N/A
GJP,N/A,N/A,N/A,N/A
AHT PR H,N/A,N/A,N/A,N/A
AHT PR I,N/A,N/A,N/A,N/A
AHT PR F,N/A,N/A,N/A,N/A
GJH,N/A,N/A,N/A,N/A
EFC PR D,N/A,N/A,N/A,N/A
HL PR B,N/A,N/A,N/A,N/A
RC PR C,N/A,N/A,N/A,N/A
BFS PR D,N/A,N/A,N/A,N/A
AEFC,N/A,N/A,N/A,N/A
AFGC,N/A,N/A,N/A,N/A
AFGB,N/A,N/A,N/A,N/A
AFGD,N/A,N/A,N/A,N/A
BC PR A,N/A,N/A,N/A,N/A
CELG RT,N/A,N/A,N/A,N/A
CCZ,N/A,N/A,N/A,N/A
DUKB,N/A,N/A,N/A,N/A
ELC,N/A,N/A,N/A,N/A
EAI,N/A,N/A,N/A,N/A
ENJ,N/A,N/A,N/A,N/A
EMP,N/A,N/A,N/A,N/A
DTW,N/A,N/A,N/A,N/A
GJS,N/A,N/A,N/A,N/A
GJO,N/A,N/A,N/A,N/A
GJT,N/A,N/A,N/A,N/A
GJR,N/A,N/A,N/A,N/A
IPB,N/A,N/A,N/A,N/A
QVCD,N/A,N/A,N/A,N/A
RCB,N/A,N/A,N/A,N/A
QVCC,N/A,N/A,N/A,N/A
SBBA,N/A,N/A,N/A,N/A
SFB,N/A,N/A,N/A,N/A
WRB PR E,N/A,N/A,N/A,N/A
WRB PR F,N/A,N/A,N/A,N/A
UZD,N/A,N/A,N/A,N/A
AFGE,N/A,N/A,N/A,N/A
DTB,N/A,N/A,N/A,N/A
CNO PR A,N/A,N/A,N/A,N/A
UZE,N/A,N/A,N/A,N/A
WRB PR H,N/A,N/A,N/A,N/A
RCC,N/A,N/A,N/A,N/A
BWSN,N/A,N/A,N/A,N/A
UZF,N/A,N/A,N/A,N/A
GL PR D,N/A,N/A,N/A,N/A
DTG,N/A,N/A,N/A,N/A
BWNB,N/A,N/A,N/A,N/A
KMPB,N/A,N/A,N/A,N/A
MMM WD,N/A,N/A,N/A,N/A
RZC,N/A,N/A,N/A,N/A
PMTU,N/A,N/A,N/A,N/A
FGN,N/A,N/A,N/A,N/A
MFAN,N/A,N/A,N/A,N/A
RWTN,N/A,N/A,N/A,N/A
MITN,N/A,N/A,N/A,N/A
ATHS,N/A,N/A,N/A,N/A
MFAO,N/A,N/A,N/A,N/A
MITP,N/A,N/A,N/A,N/A
CIMN,N/A,N/A,N/A,N/A
RWTO,N/A,N/A,N/A,N/A
AOMN,N/A,N/A,N/A,N/A
FLG PR U,N/A,N/A,N/A,N/A
NEE PR T,N/A,N/A,N/A,N/A
AHL PR F,N/A,N/A,N/A,N/A
RCD,N/A,N/A,N/A,N/A
JACS RT,N/A,N/A,N/A,N/A
PMTV,N/A,N/A,N/A,N/A
PHYS,N/A,N/A,N/A,N/A
PSLV,N/A,N/A,N/A,N/A
CEF,N/A,N/A,N/A,N/A
NSTB.U,N/A,N/A,N/A,N/A
PLM,N/A,N/A,N/A,N/A
VENU,N/A,N/A,N/A,N/A
VCXB.U,N/A,N/A,N/A,N/A
GRAF.U,N/A,N/A,N/A,N/A
LEGT.U,N/A,N/A,N/A,N/A
SPPP,N/A,N/A,N/A,N/A
VCXB,N/A,N/A,N/A,N/A
MCRP,N/A,N/A,N/A,N/A
CHEB,N/A,N/A,N/A,N/A
CHEB.U,N/A,N/A,N/A,N/A
PCG PR A,N/A,N/A,N/A,N/A
BLUA,N/A,N/A,N/A,N/A
DMYY.U,N/A,N/A,N/A,N/A
BRIA,N/A,N/A,N/A,N/A
GGN PR B,N/A,N/A,N/A,N/A
OPP PR C,N/A,N/A,N/A,N/A
SACH PR A,N/A,N/A,N/A,N/A
HWM PR,N/A,N/A,N/A,N/A
GLU PR B,N/A,N/A,N/A,N/A
PCG PR D,N/A,N/A,N/A,N/A
BCV PR A,N/A,N/A,N/A,N/A
ECF PR A,N/A,N/A,N/A,N/A
PCG PR B,N/A,N/A,N/A,N/A
PCG PR E,N/A,N/A,N/A,N/A
PCG PR G,N/A,N/A,N/A,N/A
KAPA,N/A,N/A,N/A,N/A
PCG PR H,N/A,N/A,N/A,N/A
BLUA.U,N/A,N/A,N/A,N/A
RYDE,N/A,N/A,N/A,N/A
PCG PR C,N/A,N/A,N/A,N/A
PCG PR I,N/A,N/A,N/A,N/A
YCBD PR A,N/A,N/A,N/A,N/A
DLA,N/A,N/A,N/A,N/A
POL,N/A,N/A,N/A,N/A
GPUS PR D,N/A,N/A,N/A,N/A
ID,N/A,N/A,N/A,N/A
PAPL,N/A,N/A,N/A,N/A
GLU PR A,N/A,N/A,N/A,N/A
PW PR A,N/A,N/A,N/A,N/A
LNFA.U,N/A,N/A,N/A,N/A
AMDI,N/A,N/A,N/A,N/A
BRKB,N/A,N/A,N/A,N/A
BFB,N/A,N/A,N/A,N/A
